isl_order,isl.id,easting_NAD83UTMz15_centroid,northing_NAD83UTMz15_centroid,easting,northing,length_m,area_m2,area,actual_perimeter,theoretical_perimeter,P.ratio,size_class,island_set,plant_rich,hab_amount_500,hab_amount_1000,hab_amount_2500,hab_amount_5000,isolation_100,isolation_250,isolation_500,isolation_1000,isolation_2500,isolation_5000,Geology_UnitName,Geology_RockType,SRS,BRS,BS,SM,IM,SS,TS,CW,DW,MW,CF,DF,MF,RO,hab_rich,hab_shannon,hab_simpson,woodland.hab,mixed.tree.hab,decid.tree.hab,tree.hab,meadow.hab,shrub.hab,rock.hab,shore.hab,Abies balsamea,Acer negundo,Acer rubrum,Acer spicatum,Achillea millefolium,Actaea rubra,Agalinis tenuifolia,Agrostis scabra,Alnus incana,Alnus viridis,Alopecurus aequalis,Ambrosia artemisiifolia,Amelanchier sanguinea,Anaphalis margaritacea,Anemone canadensis,Antennaria neglecta,Antennaria parvifolia,Anthoxanthum hirtum,Apocynum androsaemifolium,Apocynum cannibanum,Aquilegia canadensis,Aralia hispida,Aralia nudicaulis,Arctostaphylos uva-ursi,Astralagus canadensis,Athyrium filix-femina,Barbarea orthoceras,Betula papyrifera,Bidens cernua,Bidens connata,Bidens frondosa,Boechera grahamii,Boechera stricta,Botrypus virginianus,Bromus ciliatus,Calamagrostis canadensis,Calystegia sepium,Campanula rotundifolia,Capnoides sempervirens,Cardamine parviflora,Cardamine pensylvanica,Carex aquatilis,Carex atherodes,Carex backii,Carex brunnescens,Carex intumescens,Carex lasiocarpa,Carex peckii,Carex pellita,Carex pensylvanica,Carex siccata,Carex sp. 10,Carex sp. 11,Carex sp. 12,Carex sp. 14,Carex sp. 15,Carex sp. 17,Carex sp. 4,Carex sp. 6,Carex sp. 8,Carex stricta,Carex trisperma,Celastrus scandens,Cerastium arvense,Cerastium fontanum,Chenopodium album,Chenopodium berlandierii,Chenopodium simplex,Chimaphila umbellata,Cinna latifolia,Circaea lutetiana,Cirsium arvense,Cirsium vulgare,Collomia linearis,Commandra umbellata,Conyza canadensis,Cornus alba,Cornus canadensis,Cornus rugosa,Corydalis aurea,Corylus cornuta,Crataegus sp. 1,Cuscuta pentagona,Cyperaceae sp. 1,Cyperus odoratus,Cyperus squarrosus ,Cypripedium acaule,Danthonia spicata,Dendrolycopodium dendroideum,Dicentra cucullaria,Dichanthelium acuminatum,Diervilla lonicera,Dracocephalum parviflorum,Drymocallis arguta,Dryopteris carthusiana,Echinochloa walteri,Eleocharis acicularis,Eleocharis palustris,Elymus trachycaulis,Epilobium angustifolium,Epilobium ciliatum,Equisetum arvense,Equisetum sylvaticum,Eriegeron strigosus,Erigeron philadelphicus,Erysimum cheiranthoides,Eupatorium perfoliatum,Eurybia macrophylla,Euthamia graminifolia,Fallopia cilinodis,Fallopia scandens,Fragaria virginiana,Fraxinus nigra,Fraxinus pensylvanica,Galeopsis tetrahit,Galium aparine,Galium boreale,Galium trifidum,Galium triflorum,Geranium bicknellii,Geum aleppicum,Geum canadense,Glyceria borealis,Glycyrrhiza lepidota,Gymnocarpium dryopteris,Hackelia deflexa,Heracleum maximum,Heuchera richardsonii,Hieracium scabrum,Hieracium umbellatum,Houstonia longifolia,Hypercium majus,Impatiens capensis,Juncus balticus,Juncus dudleyi,Juncus interior,Juniperus communis,Juniperus horizontalis,Lactuca biennis,Lactuca canadensis,Lactuca ludoviciana,Lathyrus ochroleucus,Lathyrus palustris,Lonicera canadensis,Lonicera dioica,Lycopus americanus,Lycopus asper,Lysimachia ciliata,Lysmachia terrestris ,Maianthemum canadense,Maianthemum racemosum,Maianthemum stellatum,Matteuccia struthiopteris,Mentha arvensis,Mitella nuda,Moehringia laterifolia,Muhlenbergia sylvatica,Myosotis sp. 1,Oenothera oakesiana,Oenthothera biennis,Oryzopsis asperifolia,Osmorhiza longistylis,Oxalis stricta,Panicum capillare,Parthenocissus quinquefolia,Penstemon sp. 1,Persicaria amphibia,Persicaria lapathifolia,Persicaria punctata,Persicaria sagittata,Phalaris arundinaceae,Phragmites australis,Picea glauca,Pinus banksiana,Pinus resinosa,Pinus strobus,Piptatherum pungens,Plantago major,Poa glauca,Poa inteior,Poa palustris,Poa pratensis,Poaceae sp. 5 ,Polygonatum pubescens,Polygonum douglasii,Polypodium virginianum,Populus tremuloides,Portulaca oleracea,Potentilla norveigica,Potentilla rivalis,Prunus pensylvanica,Prunus virginiana,Pteridium aquilinum,Pyrola asarifolia,Quercus macrocarpa,Ranunculus abortivus,Ranunculus flammula,Ranunculus macounii,Ranunculus pensylvanicus,Rhus glabra,Ribes americanum,Ribes glandulosum,Ribes hirtellum,Ribes sp. 1,Ribes triste,Rorippa palustris,Rosa acicularis,Rosa blanda,Rosa woodsii,Rubus idaeus,Rubus pubescens,Rumex fueginus,Rumex triangulivalvis,Sagittaria rigida,Salix amygdaloides,Salix bebbiana,Salix discolor,Salix eriocephala,Salix humilis,Salix interior,Salix petiolaris,Salix planifolia,Salix serissima,Salix sp. 3,Salix sp. 5,Sambucus racemosa,Schizachne purparescens,Schoenoplectus acutus,Schoenoplectus heterochaetus,Schoenoplectus pungens,Schoenoplectus tabernaemontani,Scirpus cyperinus,Scutellaria galericulata,Scutellaria laterifolia,Selaginella rupestris,Sibbaldia tridentata,Silene antirrhina,Sium suave ,Smilax herbacea,Solanum ptychanthum,Solidago gigantea,Solidago nemoralis,Sonchus asper,Sorbus  aucuparia,Sorbus decora,Sparangium eurycarpum,Spirea alba,Stachys arenicola,Stachys pilosa,Stellaria longifolia,Strophostyles leiosperma,Symphoricarpos albus,Symphyotrichum ciliolatum,Symphyotrichum lanceolatum,Taraxacum officinale,Taxus canadensis,Thuja occidentalis,Tilia americana,Toxicodendron rydbergii,Trientalis borealis,Trillium cernuum,Triodanis perfoliata,Typha latifolia,Ulmus americana,Urtica dioica,Uvularia sessilifolia,Vaccinium angustifolium,Vaccinium caespitosum,Vaccinium myrtilloides,Verbascum thapsus,Verbena hastata,Veronica peregrina,Viburnum lentago,Viburnum rafinesquianum,Vicia americana,Viola canadensis,Viola novae-angliae,Viola sp. 1,Woodsia ilvensis,Xanthium strumarium,Ziziana palustris
1,812,419512,5445942,419512,5445942,115,851,0.0851,115,103.4117081,1.112059766,0.1,small,47,0.060063,0.159501,0.383972,0.494193,0.9994128,0.976278,0.9391527,0.8429512,0.6131599,0.505436617,Foliated tonalite suite,Tonalite to granodiorite-foliated to massive,35,0,0,10,15,5,30,0,5,0,0,0,0,0,6,4.678742229,4,5,0,5,5,5,35,0,35,0,0,0,0,1,0,0,1,0,0,0,0,1,0,0,0,0,0,0,0,0,0,0,0,0,0,1,0,0,0,0,0,0,0,0,1,0,0,1,0,0,0,0,0,0,0,0,0,1,0,0,0,0,0,0,0,0,0,1,0,0,0,0,1,0,0,1,0,0,0,0,0,0,0,0,1,0,0,0,0,0,0,0,0,1,0,0,0,0,0,1,0,0,1,0,0,0,1,0,0,1,0,0,0,0,0,0,0,1,1,0,0,0,1,0,0,0,0,0,1,0,0,0,0,0,0,0,1,0,0,0,1,0,0,1,0,0,0,0,0,0,0,0,0,0,0,0,0,0,0,0,0,0,0,0,0,0,0,1,0,0,0,1,0,0,0,0,1,1,0,1,0,0,0,0,0,0,0,0,0,0,0,0,0,0,0,0,0,1,0,0,1,0,0,0,0,0,0,1,0,0,1,1,0,0,1,0,0,0,1,0,0,1,0,0,0,0,0,0,0,0,0,0,0,0,1,0,1,0,0,0,0,0,1,0,0,0,0,0,0,1,0,0,0,0,0,1,0,1,1,0,0,0,1,0,0,0,0,0,0,0,0,0,0,0,0,0,0,0,0,1,1,0,0,0,0,0,0,0,0,0
2,707,416447,5444826,416447,5444826,112,906,0.0906,112,106.7011329,1.049660833,0.1,small,4,0.033708,0.110572,0.269153,0.344385,0.9988221,0.9997769,0.960628,0.8893364,0.7297673,0.654637521,Gneissic tonalite suite,Tonalite to granodiorite-foliated to gneissic-with minor su0.1racrustal inclusions,97.5,0,0,0,2.5,0,0,0,0,0,0,0,0,0,2,1.124014722,1.051248357,0,0,0,0,0,0,0,97.5,0,0,0,0,0,0,0,0,0,0,0,0,0,0,0,0,0,0,0,0,0,0,0,0,0,0,0,0,0,0,0,0,0,0,0,0,0,0,0,0,0,0,0,0,0,0,0,0,0,0,0,0,0,0,0,0,0,0,0,0,0,0,0,0,0,0,1,0,0,0,0,0,0,0,0,0,0,0,0,0,0,0,0,0,0,0,0,0,0,0,0,0,0,0,0,0,0,0,0,0,0,0,0,0,0,0,0,0,0,0,0,0,0,0,0,0,0,0,0,0,0,0,0,0,0,0,0,0,0,0,0,0,0,0,0,0,0,0,0,0,0,0,0,0,0,0,0,0,0,0,0,0,0,0,0,0,0,0,0,0,0,0,0,0,0,0,0,0,0,0,0,0,0,0,0,0,0,0,0,0,0,1,0,0,0,0,0,0,1,0,0,0,0,0,0,0,0,0,0,0,0,0,0,0,0,1,0,0,0,0,0,0,0,0,0,0,0,0,0,0,0,0,0,0,0,0,0,0,0,0,0,0,0,0,0,0,0,0,0,0,0,0,0,0,0,0,0,0,0,0,0,0,0,0,0,0,0,0,0,0,0,0,0,0,0,0,0,0,0,0,0,0,0,0,0,0,0,0,0,0,0
3,543,392055,5442638,392055,5442638,125,934,0.0934,125,108.3373903,1.153802945,0.1,small,29,0.032689,0.008175,0.154188,0.229772,0.9971082,0.9638154,0.9696171,0.9923761,0.8422862,0.769915244,Gneissic tonalite suite,Tonalite to granodiorite-foliated to gneissic-with minor su0.1racrustal inclusions,90,0,0,0,2.5,0,7.5,0,0,0,0,0,0,0,3,1.464210937,1.225114855,0,0,0,0,0,7.5,0,90,0,0,0,0,0,0,0,0,0,0,0,0,0,0,0,0,0,0,0,0,0,0,0,0,0,0,1,0,0,0,0,0,0,0,0,1,0,0,0,0,0,0,0,0,0,0,0,0,0,0,0,0,0,0,0,0,0,0,1,0,0,0,0,0,0,0,1,0,0,0,0,1,0,0,0,0,0,0,0,0,0,0,1,0,0,0,0,0,0,0,0,0,0,0,0,0,1,0,0,0,1,0,0,0,0,0,1,0,1,1,0,0,0,1,0,0,0,0,0,1,0,0,0,0,0,0,0,0,0,0,0,0,0,0,1,0,0,0,0,0,0,0,0,0,0,0,0,0,0,0,0,0,0,0,0,0,0,0,0,0,0,0,0,0,0,0,0,1,1,0,1,1,0,0,0,0,0,0,0,0,1,1,0,0,0,0,0,1,1,0,0,0,0,0,0,0,0,0,0,0,0,0,0,0,0,1,0,0,0,1,0,0,1,0,0,0,0,0,0,0,0,0,0,0,0,1,0,0,0,0,0,0,0,0,0,0,0,0,0,0,0,0,0,0,0,0,0,0,0,0,0,0,0,1,0,0,0,0,0,0,0,0,0,0,1,0,0,0,0,0,0,1,0,0,0,0,0,0,0,0,0
4,1218,404819,5451529,404819,5451529,149,972,0.0972,149,110.5192844,1.348181006,0.1,small,17,0.001814,0.077673,0.270049,0.369954,0.9983553,0.9996761,0.9992988,0.918732,0.7292887,0.629208175,Gneissic tonalite suite,Tonalite to granodiorite-foliated to gneissic-with minor su0.1racrustal inclusions,75,0,0,20,0,5,0,0,0,0,0,0,0,0,3,1.988609698,1.652892562,0,0,0,0,0,5,0,75,0,0,0,0,0,0,0,0,0,0,0,0,0,0,0,0,0,0,0,0,0,0,0,0,0,0,0,0,0,0,0,0,0,0,0,0,0,0,0,0,0,0,0,0,0,0,0,0,0,0,0,0,0,0,0,0,0,0,0,0,0,0,0,0,0,1,1,0,0,0,0,0,0,0,0,0,0,0,0,0,0,0,0,0,0,0,0,0,0,0,0,0,0,0,0,0,0,0,0,0,0,0,0,0,0,0,1,0,1,0,0,0,0,0,0,0,0,0,0,0,0,0,0,0,0,0,0,0,0,0,0,0,0,0,0,0,0,0,0,0,0,0,0,0,0,0,0,0,0,0,0,0,0,0,0,0,0,0,0,0,0,0,0,1,0,0,1,1,1,0,1,0,0,0,0,0,0,0,0,0,0,0,0,0,0,0,0,1,1,0,1,0,0,0,0,0,0,0,0,0,0,0,0,0,0,0,0,1,0,0,0,0,0,0,0,0,0,0,0,0,0,0,0,0,0,0,0,0,0,0,0,0,0,0,0,0,0,0,0,0,1,0,0,0,0,0,0,0,1,0,0,0,0,1,0,0,0,0,0,0,0,0,0,0,1,0,0,0,0,0,0,0,0,0,0,0,0,0,0,0,0
5,177,401010,5435434,401010,5435434,130,984,0.0984,130,111.1994095,1.169070956,0.1,small,20,0.132794,0.308074,0.481681,0.521651,0.9977273,0.996378,0.8544651,0.688861,0.5179846,0.478041705,Foliated tonalite suite,Tonalite to granodiorite-foliated to massive,80,0,0,0,0,15,5,0,0,0,0,0,0,0,3,1.845720013,1.503759398,0,0,0,0,0,20,0,80,0,0,0,0,0,0,0,1,0,0,0,1,0,0,0,0,0,0,0,0,0,0,0,0,0,0,0,0,0,0,0,0,0,0,0,1,0,0,1,0,0,0,0,0,0,0,0,0,0,0,0,0,0,0,0,0,0,0,0,0,0,0,0,0,0,0,1,0,0,0,0,0,0,0,0,1,0,0,0,0,0,0,0,0,0,0,0,0,0,0,0,0,0,0,1,0,0,0,1,0,0,0,0,0,0,0,0,0,1,0,0,0,0,0,0,0,0,0,0,0,0,0,0,0,0,0,0,0,0,0,0,0,0,0,0,0,1,1,0,0,0,0,0,0,0,0,0,0,0,0,0,0,0,0,0,0,0,0,0,0,0,0,0,0,0,0,0,0,0,0,0,0,0,0,0,0,0,0,0,0,1,1,0,0,0,0,0,1,1,0,0,0,0,0,0,0,0,0,0,1,0,0,1,0,0,0,0,0,0,1,0,0,0,0,0,0,0,0,0,0,0,0,0,0,0,1,0,0,0,0,0,0,0,0,0,0,0,0,0,0,0,0,0,0,0,0,0,0,0,0,0,0,0,0,0,0,0,0,0,0,0,0,0,0,0,0,0,0,0,0,0,1,0,0,0,0,0,0,0,0,0
6,1314,404526,5453090,404526,5453090,120,989,0.0989,120,111.4815703,1.076411102,0.1,small,64,0.350415,0.330417,0.31411,0.365752,0.9982649,0.7468733,0.654714,0.6707345,0.6861004,0.633169396,Gneissic tonalite suite,Tonalite to granodiorite-foliated to gneissic-with minor su0.1racrustal inclusions,10,2.5,0,7.5,0,5,0,5,0,0,70,0,0,0,6,2.903730301,1.95599022,0,0,0,0,0,5,0,12.5,1,0,0,0,0,0,0,1,0,0,1,0,1,0,0,0,0,0,0,0,0,0,0,1,0,0,1,1,0,0,0,0,0,0,0,1,0,1,1,0,0,0,0,0,0,0,0,0,1,1,0,0,0,0,0,0,0,0,0,0,0,0,0,0,0,0,1,0,0,0,0,1,0,0,0,0,1,0,1,0,1,0,1,0,0,0,0,1,0,0,1,0,0,0,0,0,0,0,0,1,0,0,0,0,0,0,0,0,1,0,0,0,0,1,0,0,0,1,0,0,0,0,0,0,0,0,0,1,0,1,0,0,0,0,1,0,1,1,0,0,0,1,0,0,1,0,0,0,0,1,0,0,0,0,0,0,0,0,1,0,0,0,0,0,1,0,0,0,1,0,1,0,1,1,1,1,0,0,0,0,1,1,0,0,0,1,0,0,1,0,0,0,0,0,1,0,1,0,0,1,0,0,1,0,0,0,1,1,0,0,0,0,0,0,0,0,0,0,0,0,0,0,0,0,0,0,0,1,0,0,0,1,0,0,0,0,0,0,0,0,0,1,0,0,0,0,1,1,0,0,1,1,0,1,0,0,0,0,0,0,0,0,0,0,0,0,1,0,1,0,0,1,0,1,1,0,0,0,0,0,0
7,730,418703,5445047,418703,5445047,134,1051,0.1051,134,114.9228241,1.165999888,0.1,small,55,0.058726,0.123706,0.340744,0.445988,0.9988745,0.9888427,0.9388788,0.8710972,0.6568085,0.553116421,Foliated tonalite suite,Tonalite to granodiorite-foliated to massive,15,5,0,5,1,10,24,0,40,0,0,0,0,0,7,4.804128509,3.918495298,40,0,40,40,40,34,0,20,0,0,0,0,0,0,0,1,0,0,0,0,1,0,0,0,0,0,0,0,0,0,0,0,0,0,0,0,0,0,0,0,0,0,0,0,0,0,1,0,0,0,0,0,0,0,0,0,1,0,0,0,0,0,0,0,0,0,1,0,0,0,0,0,0,0,1,1,0,0,0,1,0,0,0,0,0,0,0,1,0,0,1,0,1,0,0,0,0,0,0,0,0,0,1,0,0,0,0,1,0,0,0,0,0,0,0,0,1,0,0,0,0,1,0,1,0,0,0,0,0,0,0,0,0,0,0,0,0,0,0,1,0,0,0,0,0,0,0,0,0,0,0,0,0,0,0,0,0,0,0,0,1,0,0,0,0,0,1,0,0,0,1,0,1,0,1,1,1,0,1,1,0,0,0,0,0,0,0,0,1,1,0,0,0,0,0,0,1,0,1,1,0,0,1,1,0,0,1,0,0,0,1,0,0,1,1,0,1,1,0,0,0,0,0,0,0,0,0,0,0,0,0,0,0,1,0,1,0,1,0,0,0,0,0,0,0,0,0,0,1,0,0,0,0,0,1,0,1,1,0,0,0,1,0,0,0,1,0,0,0,0,0,0,1,0,0,0,0,0,1,1,0,1,0,0,0,1,0,0,0
8,992,404862,5447991,404862,5447991,131,1070,0.107,131,115.9569599,1.129729515,0.1,small,34,0.079607,0.107356,0.186811,0.258605,0.9954828,0.8941086,0.9240439,0.8922135,0.8123017,0.740720833,Foliated tonalite suite,Tonalite to granodiorite-foliated to massive,70,0,0,2.5,2.5,5,10,0,10,0,0,0,0,0,6,2.841750017,1.946472019,10,0,10,10,10,15,0,70,0,0,0,0,0,0,0,1,0,0,0,1,1,0,0,0,0,0,0,0,0,0,0,0,0,0,1,0,0,0,1,0,0,0,0,1,0,1,1,0,0,0,0,0,0,0,0,0,0,1,0,0,0,0,0,0,0,0,1,0,0,0,0,1,0,0,0,0,0,0,0,0,0,0,0,0,0,0,0,0,0,0,1,0,0,0,0,0,0,0,1,0,0,0,0,0,0,1,0,0,0,0,0,0,0,0,0,0,1,0,1,1,0,1,0,0,0,0,0,0,0,0,0,0,0,0,0,1,0,0,0,0,0,0,1,0,0,0,0,0,0,0,0,0,0,0,0,0,0,0,0,0,0,0,0,0,0,0,0,0,0,0,0,0,0,0,0,1,1,0,0,0,0,0,0,0,0,0,0,0,0,0,0,0,0,0,0,1,1,0,1,0,0,0,0,0,0,0,0,0,0,0,1,0,0,1,0,0,0,1,0,0,1,0,0,1,0,0,0,0,0,0,0,0,0,0,0,0,0,0,0,0,0,0,0,0,0,0,0,0,0,1,0,0,0,0,1,0,0,0,0,0,0,0,0,0,0,0,0,0,0,0,0,0,0,0,0,0,0,0,0,1,0,0,1,0,0,0,0,0,0
9,736,419841,5445119,419841,5445119,183,1932,0.1932,183,155.8147233,1.174471809,0.2,small,63,0.031352,0.149297,0.397982,0.499406,0.9994898,0.9998958,0.9561305,0.8447248,0.6002664,0.499673928,Foliated tonalite suite,Tonalite to granodiorite-foliated to massive,20,5,0,10,5,5,50,0,5,0,0,0,0,0,7,4.472135955,3.225806452,5,0,5,5,5,55,0,25,0,0,0,0,0,0,0,1,0,0,0,0,1,0,0,0,0,0,1,0,0,0,0,0,0,0,1,0,0,0,0,0,0,0,0,1,0,0,1,0,0,0,1,0,0,0,0,0,1,0,0,0,0,0,0,0,0,0,1,0,1,0,0,1,0,0,1,1,0,0,0,1,0,0,0,1,1,0,0,1,0,0,0,0,1,0,0,0,0,0,0,0,0,0,1,0,0,0,0,1,0,0,0,0,0,0,1,0,1,1,1,0,0,1,0,0,0,0,0,0,0,0,0,0,0,0,0,1,0,0,0,0,1,0,1,0,0,0,0,1,0,0,0,0,0,0,0,0,0,1,0,0,0,0,0,0,0,0,1,0,0,0,1,0,0,0,1,1,1,0,1,0,0,0,0,0,0,0,0,0,0,0,0,0,0,0,0,1,1,0,1,1,0,0,0,0,0,0,1,1,0,1,1,0,0,1,1,1,1,1,0,0,1,0,0,0,0,0,0,0,0,0,0,0,0,1,0,0,0,0,0,1,0,0,0,0,0,0,0,0,1,0,0,0,1,0,1,0,1,1,0,0,0,1,1,0,0,0,0,0,0,0,0,0,0,0,0,0,0,0,1,1,0,0,0,0,0,0,1,0,0
10,967,396893,5447893,396893,5447893,171,1962,0.1962,171,157.0198049,1.089034598,0.2,small,37,0.068912,0.041599,0.216369,0.308754,0.9969136,0.9993719,0.9337659,0.9581018,0.7805155,0.690567733,Gneissic tonalite suite,Tonalite to granodiorite-foliated to gneissic-with minor su0.1racrustal inclusions,0,15,0,0,0,0,0,0,0,5,80,0,0,0,3,1.845720013,1.503759398,5,5,0,5,0,0,0,15,1,0,0,0,0,0,0,1,0,0,0,0,1,0,0,0,0,0,0,0,0,0,1,0,0,0,0,1,0,0,0,0,0,0,0,1,0,0,0,0,0,1,0,0,0,0,0,0,0,0,0,0,0,0,0,0,0,0,0,0,0,0,0,0,0,0,0,0,0,0,0,0,0,0,0,0,1,0,0,0,0,0,1,0,0,0,0,0,0,0,0,0,0,0,0,0,0,0,0,0,0,0,0,0,0,0,1,0,0,0,0,0,0,1,0,0,0,0,0,0,0,0,0,0,0,0,0,0,0,0,0,0,0,0,0,0,1,0,0,0,0,0,0,0,0,0,0,0,0,1,0,0,0,0,0,0,0,0,0,0,0,0,1,0,1,0,0,1,1,0,0,0,0,0,0,1,0,0,0,0,0,0,0,0,0,0,0,0,1,0,0,0,0,0,0,0,0,0,0,0,0,1,1,0,0,0,1,1,1,1,0,0,0,0,0,1,1,0,0,0,0,0,0,0,0,0,0,0,0,0,0,0,0,0,0,0,0,0,0,0,0,0,0,1,1,0,1,0,1,0,0,0,0,1,0,0,0,0,0,0,0,0,0,1,1,0,1,0,1,0,1,0,0,0,0,0,0,0,0,0,0
11,1292,405344,5452705,405344,5452705,181,2037,0.2037,181,159.9928027,1.13130089,0.2,small,57,0.229525,0.279649,0.315586,0.423358,1,0.9331401,0.7656161,0.7252461,0.6845197,0.575460619,Gneissic tonalite suite,Tonalite to granodiorite-foliated to gneissic-with minor su0.1racrustal inclusions,14,1,0,15,5,25,0,37.5,0,0,0,0,0,2.5,7,4.769629647,4.024954719,0,0,0,0,0,25,2.5,15,0,0,0,0,0,0,0,1,0,0,0,0,1,0,0,0,0,0,1,0,0,0,0,1,0,1,0,1,0,0,0,0,0,0,0,1,0,1,1,0,0,0,0,0,0,0,0,0,0,1,0,0,0,0,0,0,0,0,1,0,1,0,0,1,0,0,0,0,0,0,0,0,0,0,0,0,0,0,0,0,0,0,0,0,0,0,0,1,0,0,1,1,0,0,1,0,0,0,0,0,0,0,0,0,0,0,0,0,0,0,1,0,0,1,0,0,0,0,0,0,0,0,0,0,0,0,0,0,0,0,1,0,0,0,1,1,1,0,0,0,1,0,0,0,0,0,0,0,0,1,0,0,0,0,0,0,1,0,1,0,0,0,0,0,0,1,1,0,1,0,0,0,0,0,1,1,0,0,0,0,1,0,0,0,0,0,0,0,1,0,1,1,0,0,0,0,0,0,0,1,0,1,1,0,0,0,0,0,0,1,0,0,1,0,0,1,0,0,0,0,0,0,0,0,0,0,0,0,0,0,0,1,0,0,0,1,1,0,0,0,0,1,0,1,0,0,1,1,0,0,0,0,0,1,0,0,1,0,0,0,0,0,0,0,0,0,1,0,0,0,1,1,0,1,1,0,0,0,1,0,0
12,1196,403354,5450922,403354,5450922,196,2132,0.2132,196,163.6810988,1.197450417,0.2,small,63,0.034854,0.120609,0.272968,0.323751,0.9995007,0.9951596,0.9629123,0.8733021,0.7273405,0.676656257,Foliated tonalite suite,Tonalite to granodiorite-foliated to massive,25,5,0,10,0,5,20,0,15,15,0,0,0,5,8,6.801992055,6.060606061,30,15,15,30,15,25,5,30,0,0,0,0,0,0,0,1,0,0,0,0,1,0,0,0,0,0,0,0,0,0,0,0,0,0,1,1,0,0,0,0,0,0,0,1,0,0,1,0,0,0,1,0,0,0,0,0,0,0,0,0,0,0,0,0,0,0,0,0,1,0,0,0,0,0,0,1,0,0,0,1,0,0,0,1,0,0,0,0,0,0,1,0,1,0,0,0,0,0,0,0,0,0,1,0,0,0,0,1,1,0,0,0,0,0,1,0,1,1,0,0,0,1,0,1,0,1,0,0,0,0,0,0,0,0,0,0,0,0,0,0,0,0,0,0,1,0,0,1,0,0,0,0,0,0,0,0,1,1,0,0,0,1,0,0,0,0,1,0,0,0,1,1,1,0,1,1,1,1,0,1,1,0,0,0,0,0,0,0,0,0,0,0,0,0,0,0,1,0,1,1,0,0,1,0,0,0,1,0,0,0,0,0,0,0,1,1,1,1,1,0,1,0,0,1,0,0,0,1,0,0,0,0,0,1,0,0,0,0,0,0,0,0,0,0,0,0,0,0,1,0,0,0,0,0,1,0,1,1,0,0,0,1,0,0,1,0,0,0,0,0,1,0,0,0,1,0,0,0,1,1,0,0,0,0,1,0,0,0,0
13,1152,401423,5450220,401423,5450220,292,3955,0.3955,292,222.9349585,1.309799064,0.4,small,82,0.121781,0.209355,0.309694,0.316921,0.9946281,0.9081955,0.8783254,0.7824978,0.6867561,0.685190969,Foliated tonalite suite,Tonalite to granodiorite-foliated to massive,25,5,0,10,0,1,0,0,0,0,0,59,0,0,5,2.956404201,2.36294896,0,0,59,59,59,1,0,30,0,0,0,0,0,0,0,1,0,0,1,1,1,0,0,0,0,1,0,0,0,0,0,0,1,0,1,0,0,0,0,0,0,0,0,1,0,0,1,1,0,0,1,0,0,0,0,0,1,0,0,0,0,0,0,0,0,0,1,0,1,0,0,1,0,0,1,0,0,0,0,1,1,0,0,1,1,0,1,0,0,0,1,1,1,1,0,0,0,0,0,0,0,1,0,0,0,1,0,0,1,0,0,0,0,0,1,0,1,0,1,0,1,1,0,0,1,1,1,1,0,0,0,0,0,0,0,1,0,0,0,1,1,0,1,0,1,0,0,0,0,0,0,0,0,0,0,0,0,0,0,0,0,1,0,0,0,0,1,0,0,0,1,0,1,0,1,1,1,0,1,1,1,0,0,0,0,1,0,0,1,0,0,0,0,0,0,0,1,0,0,1,0,0,1,0,0,0,1,0,0,0,1,0,0,0,1,1,1,1,0,0,1,0,0,0,0,0,0,0,0,0,0,0,0,1,0,0,1,0,0,1,0,0,0,0,1,1,0,0,1,0,0,0,0,0,1,0,0,1,0,1,0,0,0,1,1,1,0,0,0,0,1,0,0,0,0,0,0,0,1,0,0,1,1,0,0,0,0,0,0
14,500,412659,5441417,412659,5441417,265,4074,0.4074,265,226.2639914,1.171198291,0.4,small,32,0.005602,0.047401,0.299408,0.453681,0.9986819,0.9997115,0.999397,0.9446968,0.696943,0.544283574,Gneissic tonalite suite,Tonalite to granodiorite-foliated to gneissic-with minor su0.1racrustal inclusions,10,0,0,0,0,10,62.5,15,2.5,0,0,0,0,0,5,3.098937377,2.305475504,2.5,0,2.5,2.5,2.5,72.5,0,10,0,0,0,0,0,0,0,1,0,0,0,0,1,0,0,0,0,0,1,0,0,1,0,0,0,0,1,1,0,1,0,0,0,0,0,0,0,0,1,0,0,0,0,0,0,0,0,0,0,0,0,0,0,0,0,0,0,0,0,0,0,0,0,0,0,0,0,0,0,0,0,0,0,0,0,1,0,0,0,0,0,0,1,0,0,0,0,0,0,0,0,0,0,0,0,0,0,0,0,0,0,0,0,0,0,0,0,0,1,1,0,0,0,1,0,0,0,0,0,0,0,0,0,0,0,0,0,0,0,0,0,1,0,0,0,0,1,0,0,0,0,0,0,0,0,0,0,0,0,1,0,0,0,0,0,0,0,0,0,0,0,0,0,0,0,0,0,0,1,0,0,0,0,0,0,1,0,0,0,0,0,0,0,0,0,0,1,0,1,0,1,0,0,0,0,0,0,0,0,0,0,1,1,0,0,0,0,0,0,1,0,0,1,0,0,0,0,0,0,0,0,0,0,0,0,1,0,0,0,0,0,0,0,0,0,0,0,0,0,0,1,0,0,1,1,0,1,0,0,0,0,0,0,0,0,0,0,0,0,0,0,0,0,0,0,0,1,0,0,0,1,0,0,0,0,0,0,0,0,0,0
15,285,391599,5437694,391599,5437694,394,8252,0.8252,394,322.0212574,1.223521712,0.8,small,106,0.063437,0.132716,0.139838,0.223905,0.9982225,0.9687873,0.9254558,0.8626981,0.855478,0.773064148,Gneissic tonalite suite,Tonalite to granodiorite-foliated to gneissic-with minor su0.1racrustal inclusions,5,5,0,2.5,0,2.5,25,0,5,0,0,55,0,0,7,3.703164611,2.675585284,5,0,60,60,60,27.5,0,10,1,1,0,1,0,0,0,1,1,0,1,0,1,0,0,0,0,0,1,0,0,0,1,0,0,0,0,1,0,0,0,0,0,0,0,1,0,1,1,0,1,0,1,0,0,0,0,0,1,1,0,0,0,0,0,0,0,1,1,0,0,0,1,1,0,0,1,1,0,0,1,0,0,0,0,1,1,0,1,0,1,0,1,0,1,0,0,1,0,0,0,1,0,1,1,0,1,1,0,0,0,0,0,0,0,0,1,0,1,1,1,1,0,1,0,1,0,1,1,1,0,0,0,0,0,0,0,1,1,0,1,0,0,1,0,0,1,0,0,0,0,1,0,0,0,0,0,0,0,1,1,0,0,0,0,0,0,0,0,0,0,1,0,0,1,0,1,0,1,1,0,1,1,1,0,1,0,0,0,0,0,1,0,1,1,0,0,0,1,0,1,1,0,0,1,0,0,0,1,0,0,1,1,0,0,0,1,1,1,1,0,0,1,0,0,0,0,0,0,0,1,1,0,0,0,1,0,0,0,0,1,1,0,0,0,0,1,0,1,0,1,1,0,0,0,0,1,0,1,1,0,1,0,1,0,1,1,0,1,0,0,0,1,1,1,0,1,0,1,0,0,1,0,1,1,0,0,0,0,1,0
16,618,400932,5443720,400932,5443720,503,9439,0.9439,503,344.4037922,1.460494952,1,large,57,0.027024,0.007793,0.015295,0.185809,0.990363,0.9910412,0.987548,0.9951929,0.9825681,0.812726356,Mafic to intermediate metavolcanic rocks,"Basaltic and andesitic flows, tuffs and breccias, chert, iron formation, minor metasedimentary and intrusive rocks, related migmatites",5,5,0,15,2.5,15,52.5,0,2.5,0,0,0,0,2.5,8,4.409064853,3.053435115,2.5,0,2.5,2.5,2.5,67.5,2.5,10,0,0,0,0,0,0,0,1,0,0,0,1,1,0,0,0,0,0,1,0,0,0,0,0,0,0,1,0,1,0,0,0,0,0,0,1,0,0,1,0,0,0,0,0,0,0,0,0,0,0,0,0,0,0,0,0,0,0,0,0,0,0,0,1,1,0,1,0,0,0,0,1,0,0,0,1,0,0,0,0,0,0,0,0,1,0,0,0,0,0,0,0,0,0,0,0,0,0,0,1,1,0,0,0,0,0,0,0,1,1,1,0,0,1,0,0,0,0,0,1,0,0,0,0,0,0,0,0,0,0,0,0,0,0,1,0,0,1,0,0,0,0,0,0,0,1,0,0,0,1,0,0,0,0,0,0,0,0,0,1,0,0,1,0,0,0,0,1,1,0,0,1,0,0,0,0,0,0,1,0,0,0,0,0,1,0,0,1,1,0,1,0,0,0,0,1,0,0,1,0,0,0,1,0,0,0,1,1,0,1,0,0,1,0,1,0,0,0,0,0,0,0,0,0,0,1,0,0,0,0,0,0,0,0,0,0,0,1,0,1,1,0,0,0,0,0,1,0,1,0,0,0,0,1,0,0,0,0,0,0,0,1,1,1,1,0,0,0,0,1,1,1,0,0,0,0,0,0,0,0,0
17,306,395895,5437923,395895,5437923,506,9454,0.9454,506,344.6773385,1.468039652,1,large,91,0.05061,0.082123,0.072794,0.059213,0.9977707,0.9994396,0.9438824,0.912408,0.9309408,0.940592268,Gneissic tonalite suite,Tonalite to granodiorite-foliated to gneissic-with minor su0.1racrustal inclusions,15,1,0,14,10,24,15,0,20,0,0,0,0,1,8,6.24105486,5.800464037,20,0,20,20,20,39,1,16,0,0,0,0,0,0,0,0,1,0,1,1,1,0,0,0,0,0,1,0,0,0,1,0,0,0,1,1,0,0,0,0,0,0,0,1,0,1,1,0,0,1,1,0,0,0,0,0,1,0,0,0,1,0,0,0,0,0,1,0,1,0,0,0,0,0,0,0,0,0,0,1,0,0,1,1,1,0,0,0,0,0,1,0,1,0,0,0,0,0,0,0,0,0,0,0,1,1,0,1,1,0,0,0,0,0,1,0,1,1,1,0,0,1,0,0,0,1,0,0,0,0,0,0,0,0,0,1,0,0,0,1,1,1,1,0,1,0,1,1,0,0,0,0,0,1,0,0,0,1,0,0,0,0,0,1,0,0,1,0,0,0,0,0,1,0,1,1,1,0,0,1,0,1,0,1,0,0,0,0,1,0,0,0,0,0,0,0,1,0,1,1,0,0,1,0,1,0,1,1,0,1,1,0,0,0,1,1,1,1,1,0,1,0,0,0,1,0,0,1,1,0,1,0,0,1,0,0,1,0,0,1,0,0,0,0,0,1,0,0,1,0,0,0,0,0,1,0,1,1,0,0,0,1,0,0,0,0,1,0,0,0,1,1,1,0,1,1,1,0,1,1,0,0,0,0,0,0,0,0,1
18,637,400742,5443974,400742,5443974,539,9505,0.9505,539,345.6057762,1.559580415,1,large,73,0.027024,0.008302,0.012751,0.170382,0.9864227,0.9899429,0.9883033,0.995339,0.9832401,0.827588141,Mafic to intermediate metavolcanic rocks,"Basaltic and andesitic flows, tuffs and breccias, chert, iron formation, minor metasedimentary and intrusive rocks, related migmatites",10,5,0,10,5,50,10,0,5,0,0,0,0,5,8,5.137135215,3.448275862,5,0,5,5,5,60,5,15,0,0,0,0,0,0,0,1,0,0,1,1,1,0,0,0,0,0,1,0,0,0,0,0,0,0,1,1,0,0,0,0,0,0,0,1,0,0,1,0,0,0,0,0,0,0,0,0,0,0,0,0,0,0,0,0,0,0,0,0,0,0,0,1,0,0,1,1,0,0,0,1,1,0,0,1,0,0,0,0,0,0,1,0,0,0,0,0,0,0,0,0,0,0,1,0,0,0,0,0,1,0,0,0,0,0,1,0,1,1,1,0,0,1,1,0,0,0,0,1,0,0,0,0,0,0,0,1,0,0,0,1,1,0,1,0,0,0,1,1,0,0,0,0,0,1,1,0,0,0,0,0,1,0,0,0,1,0,0,0,0,0,0,1,1,0,1,1,1,0,0,0,0,0,0,0,0,0,1,1,1,1,0,0,1,0,0,1,1,0,1,0,0,0,0,0,0,0,1,1,0,1,1,0,0,1,1,1,1,1,0,0,1,0,0,1,0,0,0,0,1,0,0,0,0,1,0,0,0,0,0,0,0,0,0,0,0,0,0,0,1,1,1,0,0,0,1,0,0,1,0,0,0,1,1,0,0,0,1,0,0,1,0,0,1,0,0,0,0,0,1,1,0,0,0,0,0,0,0,0,0
19,802,414356,5445871,414356,5445871,474,9573,0.9573,474,346.8398272,1.366625061,1,large,77,0.012095,0.061737,0.114466,0.360386,0.9963576,0.998932,0.9925446,0.9366482,0.8800296,0.641005022,Gneissic tonalite suite,Tonalite to granodiorite-foliated to gneissic-with minor su0.1racrustal inclusions,7.5,2.5,0.1,5,0,20,35,0,25,0,0,0,0,5,8,5.094921088,4.241256122,25,0,25,25,25,55,5,10,0,0,0,0,0,0,0,1,0,0,0,0,1,0,0,0,0,0,1,0,0,0,0,0,0,0,1,0,0,0,0,0,1,0,0,1,0,0,1,0,1,0,1,0,0,0,0,0,1,1,0,0,0,0,0,0,0,0,1,0,0,0,1,1,0,1,1,1,0,0,0,1,0,0,0,1,1,0,0,1,0,0,1,0,0,0,0,0,0,0,0,0,1,0,1,0,0,0,0,1,1,0,0,0,0,0,1,0,1,1,1,0,0,1,1,1,0,0,0,1,0,0,0,0,0,0,0,0,0,0,0,1,1,0,1,0,0,0,0,0,0,0,0,0,0,1,0,0,0,1,0,1,0,0,0,0,0,0,1,0,0,0,1,0,1,0,1,1,1,0,1,1,0,0,0,1,0,0,0,0,1,0,0,0,1,0,0,0,1,0,1,1,0,0,1,1,0,0,1,1,0,1,1,0,0,1,1,0,1,1,0,0,1,0,0,0,0,0,0,0,0,0,0,0,0,1,0,0,0,0,0,0,0,0,0,0,0,1,0,0,1,0,1,0,0,0,1,0,1,1,0,0,0,1,0,0,0,0,0,0,0,0,0,1,1,0,0,0,0,0,1,1,0,0,0,0,0,0,0,0,0
20,537,395094,5442435,395094,5442435,522,9697,0.9697,522,349.0789248,1.495363836,1,large,90,0.274087,0.096522,0.06204,0.090924,0.9958146,0.8678306,0.768942,0.9189056,0.9389059,0.906227542,Gneissic tonalite suite,Tonalite to granodiorite-foliated to gneissic-with minor su0.1racrustal inclusions,7.5,2.5,0,10,5,20,15,0,30,0,0,10,0,0,8,6.452341431,5.517241379,30,0,40,40,40,35,0,10,1,0,1,1,1,0,0,1,0,0,0,0,1,1,0,0,0,0,1,0,0,0,1,1,0,0,1,1,0,0,0,0,0,0,0,1,0,1,1,0,0,1,0,0,0,0,0,0,1,1,0,0,0,0,1,0,0,0,1,0,1,0,0,1,0,0,0,0,0,0,0,0,0,0,1,0,0,0,0,0,0,0,1,0,0,0,0,1,0,0,1,0,0,1,1,0,0,0,0,1,1,0,0,0,0,0,1,0,1,1,1,0,0,1,0,0,0,0,0,0,1,0,1,0,0,0,0,1,0,0,1,1,1,0,1,0,1,0,0,1,0,0,0,0,0,0,0,0,0,1,0,0,0,0,0,0,0,0,1,0,0,0,1,0,1,0,0,1,1,0,1,0,1,0,0,1,0,0,0,0,1,1,0,0,0,1,1,0,1,0,1,1,1,0,1,1,0,0,1,0,0,1,1,1,0,0,1,1,1,1,0,0,0,0,0,1,0,0,0,0,0,0,0,0,1,0,0,0,0,0,0,1,0,0,0,0,0,0,0,0,1,1,1,0,0,0,1,0,1,1,0,0,0,1,1,0,0,1,0,0,0,0,0,0,0,0,1,0,1,0,1,1,0,1,0,0,1,1,0,0,0
21,874,402331,5446861,402331,5446861,417,9816,0.9816,417,351.2143132,1.187309242,1,large,81,0.38059,0.292918,0.192461,0.198636,0.9975335,0.811234,0.6217065,0.7216415,0.8129516,0.799541208,Foliated tonalite suite,Tonalite to granodiorite-foliated to massive,9,1,1,1,4,14,25,30,0,5,0,0,0,10,10,6.338813449,5.138746146,5,5,0,5,0,39,10,10,1,0,0,0,0,0,0,1,0,0,0,0,1,0,0,0,0,0,1,0,0,0,1,1,0,0,1,1,0,0,0,0,0,0,0,1,0,1,1,0,1,0,1,0,0,1,0,0,1,1,0,1,0,0,0,0,0,0,1,0,0,0,0,1,0,0,0,0,0,0,0,1,1,0,0,1,1,0,0,0,1,0,0,0,0,0,0,0,0,0,1,1,0,0,1,0,0,0,0,0,1,0,0,0,0,0,0,0,1,1,1,0,0,1,0,0,0,0,1,0,0,0,0,0,0,0,0,1,0,0,0,1,1,0,1,0,1,0,0,0,0,0,0,0,1,0,0,0,0,1,0,0,0,0,0,0,0,0,1,0,0,0,1,0,0,0,1,0,1,0,0,0,1,0,0,1,0,1,0,0,1,0,1,0,0,1,0,0,1,0,1,1,0,0,1,0,0,0,1,1,0,1,1,0,0,0,1,0,1,1,0,0,1,0,0,0,0,0,1,0,0,0,0,0,0,1,1,0,0,0,0,0,1,0,0,0,0,0,0,0,1,1,0,1,0,0,1,1,1,1,0,1,0,0,1,0,0,0,0,0,0,0,0,1,1,0,1,0,1,0,0,1,0,1,0,0,0,0,0,0,0
22,737,415873,5445135,415873,5445135,424,10207,1.0207,424,358.1409565,1.183891405,1,large,71,0.025719,0.040118,0.209458,0.340373,0.997913,0.9994938,0.9781615,0.9604586,0.7806593,0.655971452,Gneissic tonalite suite,Tonalite to granodiorite-foliated to gneissic-with minor su0.1racrustal inclusions,9,1,0,10,2.5,17.5,49,10,0,0,0,0,0,1,8,4.554512897,3.337226765,0,0,0,0,0,66.5,1,10,0,0,0,0,0,0,0,1,0,0,1,1,1,0,0,0,0,0,0,0,0,1,0,0,0,1,1,1,0,0,0,0,0,0,0,1,0,0,1,0,0,0,0,0,0,0,0,0,1,1,0,0,0,0,0,0,0,0,1,0,1,0,0,0,0,0,1,1,0,0,0,1,1,0,0,1,0,0,0,1,0,0,1,0,1,0,0,0,0,0,0,0,0,0,1,0,0,0,0,1,1,0,0,0,0,0,1,0,0,1,1,0,0,1,1,1,0,0,0,0,0,0,0,0,0,0,0,0,0,0,0,1,1,0,1,0,0,0,0,0,0,0,0,0,0,1,0,0,0,1,0,0,0,0,0,0,0,0,1,0,0,0,1,0,1,0,1,1,1,0,1,1,0,0,0,1,0,0,1,0,1,0,0,0,0,1,0,0,1,0,1,1,0,0,0,1,0,0,0,0,1,1,1,0,0,0,0,1,0,1,0,0,1,0,0,0,0,0,0,0,0,1,0,0,0,1,0,0,0,0,0,0,0,0,0,0,0,0,0,0,1,0,0,1,1,0,1,0,1,1,0,0,0,1,0,0,0,0,0,0,0,0,0,1,1,0,0,0,0,0,1,1,0,0,0,0,0,0,0,0,0
23,451,411910,5440824,411910,5440824,427,10218,1.0218,427,358.3338873,1.191626065,1,large,70,0.048222,0.094246,0.344099,0.538987,0.9947589,0.9986454,0.9532694,0.9127541,0.6430513,0.460729145,Gneissic tonalite suite,Tonalite to granodiorite-foliated to gneissic-with minor su0.1racrustal inclusions,9,1,0,2.5,0,15,45,10,5,7.5,0,0,0,5,9,5.601234546,3.930045196,12.5,7.5,5,12.5,5,60,5,10,1,0,0,0,0,0,0,1,0,0,0,0,1,0,0,0,0,0,1,0,0,1,1,0,0,0,1,1,0,1,0,0,0,0,0,1,0,0,1,0,0,0,0,0,0,0,0,0,1,1,0,0,0,0,0,0,0,0,1,0,0,0,0,1,0,0,0,0,0,0,0,1,0,0,0,1,0,0,0,0,1,0,1,0,0,0,0,0,0,0,0,0,0,0,1,0,0,0,0,1,0,0,0,0,0,0,0,0,1,1,1,0,0,1,1,0,0,0,0,0,0,0,0,0,0,0,0,0,0,0,0,0,1,0,1,0,1,0,0,0,0,0,0,0,0,1,0,0,0,1,0,0,0,0,0,0,0,0,0,0,0,0,1,0,1,0,1,1,1,0,1,0,0,0,0,1,0,0,0,1,1,1,0,0,0,0,0,0,1,0,1,1,0,0,0,0,0,0,1,1,0,1,1,0,0,1,1,1,1,1,0,0,0,0,0,0,0,0,0,0,0,0,0,0,0,1,0,0,0,0,0,0,0,0,0,0,0,1,0,0,1,0,1,1,1,0,1,0,0,1,0,0,0,1,1,0,0,0,0,1,0,0,0,0,1,0,1,0,1,0,1,1,0,1,0,0,0,0,0,0,0
24,621,411892,5443553,411892,5443553,769,18339,1.8339,769,480.056945,1.601893292,2,large,112,0.11968,0.16103,0.122288,0.311922,0.9961014,0.9540595,0.8939958,0.8195473,0.878303,0.683919127,Gneissic tonalite suite,Tonalite to granodiorite-foliated to gneissic-with minor su0.1racrustal inclusions,5,5,0.1,2.5,10,15,25,10,15,10,0,0,0,2.5,11,8.136126889,6.970393249,25,10,15,25,15,40,2.5,10,1,0,0,1,0,0,0,1,1,0,0,0,1,0,0,0,0,0,1,0,0,0,1,0,0,0,1,1,0,0,0,1,0,0,1,1,0,1,1,0,1,1,0,1,0,0,0,0,1,1,0,0,0,0,0,1,1,1,1,0,1,0,1,1,0,0,1,1,0,0,1,1,0,0,0,1,1,0,1,1,1,0,1,0,1,0,0,0,0,0,0,1,0,0,1,0,0,0,1,1,1,0,0,0,0,0,1,0,1,1,1,0,0,1,1,1,0,0,1,0,1,0,0,0,0,0,0,1,0,0,0,1,1,0,1,0,1,0,0,0,0,0,0,0,1,0,0,0,0,1,0,0,0,0,0,0,1,1,0,0,0,0,1,0,1,0,1,1,1,1,1,1,1,0,0,1,0,1,0,1,1,1,0,0,0,1,0,0,1,0,1,1,0,0,1,1,0,0,1,0,0,1,1,0,0,0,1,1,1,1,0,0,1,0,0,0,0,0,1,0,0,0,1,0,0,1,1,1,0,0,0,1,0,0,0,0,0,0,0,0,1,1,0,1,1,0,1,0,0,1,0,1,0,1,0,1,0,1,0,0,0,0,0,1,1,0,1,0,1,0,0,1,0,1,1,0,0,1,0,0,0
25,152,394475,5434831,394475,5434831,584,19761,1.9761,584,498.3212312,1.171934815,2,large,102,0.047236,0.039911,0.090542,0.080459,0.9963585,0.9990445,0.9480383,0.9675077,0.909231,0.918301762,Gneissic tonalite suite,Tonalite to granodiorite-foliated to gneissic-with minor su0.1racrustal inclusions,2.5,1,2.5,1,8,7.5,7.5,0,10,0,0,60,0,0,9,4.071044605,2.57003341,10,0,70,70,70,15,0,3.5,1,1,0,0,0,1,0,1,1,0,0,0,1,0,1,0,0,0,1,0,1,0,1,0,0,1,0,1,0,0,0,0,1,0,0,1,0,0,1,0,0,1,0,0,0,0,0,0,1,0,0,0,0,1,0,0,0,1,1,0,0,0,1,1,0,0,1,0,0,0,1,1,0,0,0,1,1,0,0,1,1,0,1,0,0,0,0,0,0,0,1,0,0,0,1,0,1,1,0,0,0,0,0,0,0,0,1,0,1,1,1,0,0,1,0,1,0,0,1,0,0,1,0,0,0,1,1,1,0,0,0,0,1,0,1,0,1,1,1,0,0,0,0,0,0,0,0,1,0,1,0,1,1,1,0,1,0,0,1,0,0,1,1,0,1,0,1,1,1,1,0,1,0,0,0,0,0,0,0,0,1,0,0,0,1,0,0,0,1,0,1,1,0,0,1,0,0,0,1,0,1,1,1,0,0,0,1,1,0,1,0,0,1,0,0,1,0,1,0,0,0,1,0,0,0,1,0,0,0,0,0,1,0,0,0,0,0,0,1,0,1,0,0,0,0,0,1,0,1,1,0,0,0,1,0,1,0,0,1,0,1,0,0,1,1,0,0,0,1,0,1,0,1,1,1,1,0,0,0,1,0
26,1146,399266,5450045,399266,5450045,672,20495,2.0495,672,507.4916408,1.324159742,2,large,131,0.204857,0.383136,0.407508,0.333222,0.9925238,0.9190247,0.7155196,0.6123127,0.601852,0.670083071,Foliated tonalite suite,Tonalite to granodiorite-foliated to massive,2.5,2.5,0.1,1,1,15,25,25,0,20,5,0,0,3,11,6.27896111,5.209232081,20,20,0,20,0,40,3,5,1,0,1,1,0,0,0,1,0,0,0,0,1,0,0,0,0,0,1,1,0,1,1,1,0,0,1,1,0,0,0,0,0,0,0,1,0,1,1,1,1,1,1,1,0,0,1,0,1,1,0,0,1,0,0,0,0,0,1,0,0,0,1,1,0,0,1,0,1,0,0,1,1,0,0,1,1,0,1,0,1,0,1,0,1,0,1,1,0,0,1,1,1,0,1,1,0,1,1,1,1,0,0,0,0,0,1,0,1,1,1,0,0,1,0,0,0,1,1,1,0,0,0,0,0,0,0,1,0,1,0,1,1,0,1,0,1,0,0,1,0,1,1,0,1,0,0,0,1,1,0,0,0,0,0,0,0,0,1,1,1,0,1,1,1,0,1,1,1,1,1,1,1,0,1,1,0,1,0,1,1,1,0,0,0,1,1,0,1,0,1,1,0,0,1,0,1,0,1,1,0,1,1,0,0,1,1,1,1,1,0,0,1,0,0,1,0,0,1,0,1,0,0,1,0,1,0,0,0,0,1,1,0,0,0,0,1,1,0,0,1,1,0,0,0,0,1,0,1,1,0,1,0,1,1,1,0,0,0,0,0,0,0,1,1,0,1,0,1,0,1,1,0,1,1,0,0,0,0,0,0
27,558,395074,5442833,395074,5442833,638,21064,2.1064,638,514.4881246,1.240067495,2,large,95,0.039883,0.08935,0.079491,0.102073,0.9929444,0.9946451,0.9567228,0.9266174,0.9210016,0.895193707,Gneissic tonalite suite,Tonalite to granodiorite-foliated to gneissic-with minor su0.1racrustal inclusions,9,1,0,9,1,10,10,0,30,30,0,0,0,0,8,5.520311636,4.621072089,60,30,30,60,30,20,0,10,1,0,1,1,0,0,0,1,0,0,1,0,1,0,0,0,0,0,1,0,0,1,1,0,0,0,0,1,0,1,0,0,0,0,0,1,0,1,1,0,0,1,1,0,1,0,0,0,1,1,0,0,0,0,0,0,0,0,1,0,1,1,1,1,0,0,1,0,0,0,0,0,0,0,0,0,0,0,0,1,1,0,1,0,0,0,0,1,0,0,1,1,0,0,1,0,0,0,0,1,1,0,0,0,0,0,1,0,1,1,1,1,0,1,0,0,0,1,0,0,0,0,0,0,0,0,0,1,0,0,0,1,1,1,1,0,1,0,1,0,0,0,0,0,0,1,1,0,0,1,0,0,0,0,0,1,0,0,0,0,0,0,1,0,1,0,1,0,1,1,0,0,1,0,0,1,0,0,0,1,1,0,0,1,0,1,0,0,1,0,1,1,0,0,1,0,0,0,1,1,0,1,1,0,0,1,1,1,0,1,0,0,1,0,0,0,0,1,1,0,0,0,0,0,0,1,0,0,0,0,0,1,0,0,0,0,0,0,0,0,1,1,0,1,0,0,1,1,1,1,0,0,0,1,0,0,0,0,0,1,0,0,0,0,1,0,1,0,1,0,1,1,0,0,0,0,1,0,0,0,0
28,505,410647,5441427,410647,5441427,1321,39847,3.9847,1321,707.6243137,1.866809795,4,large,152,0.054397,0.18354,0.370978,0.521292,0.9909122,0.9971401,0.9347221,0.789505,0.6199093,0.474051895,Gneissic tonalite suite,Tonalite to granodiorite-foliated to gneissic-with minor su0.1racrustal inclusions,5,1,1,2.5,1,5,30,2.5,5,1,5,25,15,1,14,7.434879451,5.354752343,6,16,30,46,30,35,1,6,1,0,1,1,1,1,0,1,1,1,0,0,1,0,1,1,0,0,1,0,0,1,1,1,0,1,1,1,0,0,0,0,0,1,0,1,0,1,1,0,1,1,1,0,0,0,0,1,1,1,0,0,0,0,0,0,0,1,1,0,1,0,1,1,0,0,1,1,1,0,1,1,1,0,0,1,1,1,1,1,1,1,1,0,1,0,0,0,0,1,1,1,0,0,1,0,0,1,1,1,0,1,0,0,1,1,1,1,1,1,1,1,1,1,1,1,1,1,1,0,1,0,0,1,0,0,0,1,0,0,0,1,1,0,1,0,1,0,0,0,0,1,0,0,0,0,0,1,0,1,0,0,0,0,0,0,1,0,1,1,0,1,1,0,1,0,1,1,1,0,1,1,1,1,1,1,0,0,0,0,1,1,0,0,0,1,0,1,1,0,1,1,0,0,1,1,0,0,1,1,0,1,1,0,1,1,1,1,1,1,1,1,1,0,0,0,0,1,1,0,0,1,1,0,0,1,1,1,1,0,0,1,0,0,0,0,1,0,0,0,1,1,1,1,1,0,1,0,1,1,0,1,1,1,1,1,0,1,1,0,0,0,1,1,0,0,1,0,0,0,1,1,0,1,1,0,1,0,1,0,0
29,642,393592,5444084,393592,5444084,1160,40207,4.0207,1160,710.8136624,1.631932617,4,large,159,0.1482,0.403076,0.212903,0.242033,0.9951321,0.9429391,0.7915043,0.6365269,0.7897051,0.756004069,Gneissic tonalite suite,Tonalite to granodiorite-foliated to gneissic-with minor su0.1racrustal inclusions,2.5,2.5,0.1,2.5,2.5,10,10,10,5,10,0,10,20,15,13,9.796732307,8.52759551,15,30,15,45,15,20,15,5,1,0,1,1,1,1,1,1,0,0,1,1,1,0,1,1,0,0,1,0,1,0,1,1,1,1,1,1,0,0,0,0,0,0,0,1,1,1,1,0,1,1,1,1,0,0,0,0,1,1,1,0,0,0,0,1,0,1,1,0,1,0,1,1,0,0,1,1,0,0,1,1,1,0,1,1,1,1,1,1,1,0,1,0,1,0,0,1,0,0,1,1,1,1,1,0,1,1,1,0,1,1,1,1,0,1,1,0,1,1,1,1,0,1,0,1,1,1,1,0,0,0,0,0,0,0,0,1,1,1,1,1,1,0,1,1,1,0,1,0,0,1,0,1,1,0,0,1,0,1,0,0,0,0,0,1,1,0,1,0,1,0,1,1,1,0,1,1,1,1,1,1,1,1,0,1,0,1,0,0,1,1,0,1,0,1,0,0,1,1,1,1,0,1,1,1,1,0,1,1,0,0,1,0,0,1,1,1,1,1,1,0,1,1,0,0,0,0,0,0,0,0,0,0,1,1,1,0,1,0,0,0,0,0,0,0,1,0,0,0,1,1,0,0,0,1,1,0,1,1,0,1,0,1,1,0,0,0,1,1,0,0,1,1,1,1,1,0,1,0,1,1,1,1,1,0,1,1,0,0,0
30,755,418218,5445116,418218,5445116,1335,83669,8.3669,1335,1025.385616,1.301949217,8,large,167,0.137123,0.169762,0.331893,0.424085,0.9834005,0.9770612,0.9226979,0.7681061,0.6685349,0.56573173,Foliated tonalite suite,Tonalite to granodiorite-foliated to massive,4,0.1,0.1,1,5,20,15,5,5,20,0,0,20,5,12,7.65936885,6.510966135,25,40,5,45,5,35,5,4.1,1,0,0,1,1,1,1,1,1,0,0,0,1,0,1,1,1,0,1,1,1,1,1,1,0,1,1,1,0,0,0,1,1,0,1,1,0,1,1,1,1,1,1,1,1,0,0,0,1,1,1,0,0,0,0,0,0,1,1,1,1,0,1,1,0,0,1,1,0,1,1,1,1,1,0,1,1,1,1,0,1,0,1,1,1,0,0,1,1,0,1,1,0,0,1,0,0,0,1,1,1,1,1,0,0,1,0,1,1,1,0,1,0,1,0,1,1,1,1,1,0,0,0,0,1,1,0,1,0,1,1,1,1,0,1,0,1,0,1,0,0,1,1,0,0,1,0,0,0,1,0,0,0,0,1,0,1,0,1,0,1,1,1,0,1,0,1,1,1,1,1,1,1,1,1,1,1,1,1,0,1,1,0,0,0,1,1,0,1,0,1,1,0,0,1,1,0,1,1,1,0,1,1,0,1,1,1,1,1,1,1,0,0,0,0,1,0,0,1,1,1,0,0,0,0,1,1,0,1,0,0,0,0,1,1,0,1,1,0,0,1,1,0,1,1,0,1,0,1,1,0,1,0,1,1,1,1,1,0,1,0,0,1,1,0,0,1,0,1,0,1,1,0,1,1,0,0,1,1,0,0